{"engineId":"911bf0e9-0378-45bd-9461-87238e9d3b2f","engineName":"Stock Market","rdbmsId":"f9e63de9-5589-4540-a6a0-e51c508c7a6d","varstore":{},"frames":[],"panels":[{"panelId":"0","panelLabel":null,"view":"federate-view","viewOptions":"{\"app_id\":\"NEWSEMOSSAPP\"}","viewOptionsMap":{"federate-view":{"app_id":"NEWSEMOSSAPP"},"visualization":{"type":"echarts"}},"config":{"type":"STANDARD","opacity":100,"labelOverride":false},"ornaments":{},"events":{"onSingleClick":{"Unfilter":[{"disabledVisuals":["Grid","Sunburst"],"default":true,"query":"(<Frame> | UnfilterFrame(<SelectedColumn>));","options":{},"refresh":false,"disabled":false,"panel":""}]},"onBrush":{"Filter":[{"default":true,"query":"if((IsEmpty(<SelectedValues>)),(<Frame> | UnfilterFrame(<SelectedColumn>)), (<Frame> | SetFrameFilter(<SelectedColumn>==<SelectedValues>)));","options":{},"refresh":false,"disabled":false,"panel":""}]}},"comments":{},"position":{},"filters":[],"order":[],"cbv":[]}],"tasks":{"tasks":[],"taskCounter":0},"recipe":["AddPanel ( 0 ) ;","Panel ( 0 ) | AddPanelConfig ( config = [ { \"config\" : { \"type\" : \"STANDARD\" , \"opacity\" : 100 } } ] ) ;","Panel ( 0 ) | AddPanelEvents ( { \"onSingleClick\" : { \"Unfilter\" : [ { \"panel\" : \"\" , \"query\" : \"<encode>(<Frame> | UnfilterFrame(<SelectedColumn>));</encode>\" , \"options\" : { } , \"refresh\" : false , \"default\" : true , \"disabledVisuals\" : [ \"Grid\" , \"Sunburst\" ] , \"disabled\" : false } ] } , \"onBrush\" : { \"Filter\" : [ { \"panel\" : \"\" , \"query\" : \"<encode>if((IsEmpty(<SelectedValues>)),(<Frame> | UnfilterFrame(<SelectedColumn>)), (<Frame> | SetFrameFilter(<SelectedColumn>==<SelectedValues>)));</encode>\" , \"options\" : { } , \"refresh\" : false , \"default\" : true , \"disabled\" : false } ] } } ) ;","Panel ( 0 ) | RetrievePanelEvents ( ) ;","Panel ( 0 ) | SetPanelView ( \"visualization\" , \"<encode>{\"type\":\"echarts\"}</encode>\" ) ;","Panel ( 0 ) | SetPanelView ( \"federate-view\" , \"<encode>{\"app_id\":\"NEWSEMOSSAPP\"}</encode>\" ) ;"]}